Workbook

Sheet Records
A1: Date / 日付 | B1: Age / 年齢 | C1: Sex / 性別 | D1: Chief Complaint / 主訴 | E1: Transport / 搬送 | F1: Station / 基地 | G1: Engine / エンジン | H1: Active (min) / 稼働分
A2: 46115 | B2: 57 | C2: Male | D2: Heat illness | E2: Yes | F2: YND | G2: 1 | H2: 58
A3: 46118 | B3: 13 | C3: Female | D3: Palpitations | E3: Yes | F3: KAHP | G3: 2 | H3: 64
A4: 46123 | B4: 53 | C4: Female | D4: Trauma / Injury | E4: No | F4: KAHP | G4: 1 | H4: 41
A5: 46127 | B5: 80 | C5: Non-binary | D5: Trauma / Injury | E5: Yes | F5: SHA | G5: 1 | H5: 66
A6: 46130 | B6: 40 | C6: Male | D6: Palpitations | E6: Yes | F6: KAHP | G6: 2 | H6: 53
A7: 46131 | B7: 67 | C7: Male | D7: Trauma / Injury | E7: Yes | F7: ZAMA | G7: 1 | H7: 33
A8: 46133 | B8: 10 | C8: Female | D8: Convulsion / Seizure | E8: Yes | F8: YND | G8: 1 | H8: 20
A9: 46135 | B9: 75 | C9: Male | D9: Abdominal pain | E9: Yes | F9: ZAMA | G9: 3 | H9: 45
A10: 46137 | B10: 62 | C10: Female | D10: Allergic reaction | E10: Yes | F10: SHA | G10: 1 | H10: 68
A11: 46139 | B11: 16 | C11: Female | D11: Nausea / Vomiting | E11: Yes | F11: KAHP | G11: 1 | H11: 53
A12: 46143 | B12: 78 | C12: Male | D12: Stroke: Facial droop | E12: Yes | F12: SGD | G12: 2 | H12: 52
A13: 46152 | B13: 60 | C13: Male | D13: Convulsion / Seizure | E13: No | F13: YND | G13: 2 | H13: 19
... A31: 46194 | B31: 81 | C31: Female | D31: Abdominal pain | E31: No | F31: KAHP | G31: 2 | H31: 65

Sheet Summary
A1: EMR Annual Response Data — Summary
A2: Auto-aggregated from Records / Recordsシートから自動集計（2026）
A4: Key Metrics / 主要指標 | D4: By Month / 月別件数 | H4: By Sex / 性別
A5: Total calls / 総出動件数 | B5: =COUNTA(Records!$A$2:$A$31) -> 30 | D5: Month | E5: Calls | H5: Male | I5: =COUNTIF(Records!$C$2:$C$31,"Male") -> 15
A6: Transported / 搬送あり | B6: =COUNTIF(Records!$E$2:$E$31,"Yes") -> 22 | D6: Apr / 4月 | E6: =SUMPRODUCT(--(MONTH(Records!$A$2:$A$31)=4)) -> 10 | H6: Female | I6: =COUNTIF(Records!$C$2:$C$31,"Female") -> 13
A7: Transport rate / 搬送率 | B7: =B6/B5 -> 0.73333333 | D7: May / 5月 | E7: =SUMPRODUCT(--(MONTH(Records!$A$2:$A$31)=5)) -> 10 | H7: Non-binary | I7: =COUNTIF(Records!$C$2:$C$31,"Non-binary") -> 2
A8: Total active time (h) / 総稼働時間 | B8: =SUM(Records!$H$2:$H$31)/60 -> 22.316667 | D8: Jun / 6月 | E8: =SUMPRODUCT(--(MONTH(Records!$A$2:$A$31)=6)) -> 10
A9: Avg active (min) / 平均稼働分 | B9: =AVERAGE(Records!$H$2:$H$31) -> 44.633333 | H9: Transport / 搬送
A10: Avg patient age / 平均年齢 | B10: =AVERAGE(Records!$B$2:$B$31) -> 47.8 | H10: Yes / 搬送 | I10: =COUNTIF(Records!$E$2:$E$31,"Yes") -> 22
D11: By Station (Annual) / 基地別 年間 | H11: No / 不搬送 | I11: =COUNTIF(Records!$E$2:$E$31,"No") -> 8
D12: Station | E12: Calls | F12: Active h
D13: ZAMA | E13: =COUNTIF(Records!$F$2:$F$31,"ZAMA") -> 5 | F13: =SUMPRODUCT(--(Records!$F$2:$F$31="ZAMA"),Records!$H$2:$H$31)/60 -> 3.75
D14: KAHP | E14: =COUNTIF(Records!$F$2:$F$31,"KAHP") -> 10 | F14: =SUMPRODUCT(--(Records!$F$2:$F$31="KAHP"),Records!$H$2:$H$31)/60 -> 8.1833333
D15: SHA | E15: =COUNTIF(Records!$F$2:$F$31,"SHA") -> 6 | F15: =SUMPRODUCT(--(Records!$F$2:$F$31="SHA"),Records!$H$2:$H$31)/60 -> 4.4833333
D16: SGD | E16: =COUNTIF(Records!$F$2:$F$31,"SGD") -> 4 | F16: =SUMPRODUCT(--(Records!$F$2:$F$31="SGD"),Records!$H$2:$H$31)/60 -> 2.4833333
D17: YND | E17: =COUNTIF(Records!$F$2:$F$31,"YND") -> 5 | F17: =SUMPRODUCT(--(Records!$F$2:$F$31="YND"),Records!$H$2:$H$31)/60 -> 3.4166667
A21: Station × Month (calls) / 基地×月別
A22: Station | B22: Apr | C22: May | D22: Jun | E22: Total
A23: ZAMA | B23: =SUMPRODUCT(--(MONTH(Records!$A$2:$A$31)=4),--(Records!$F$2:$F$31="ZAMA")) -> 2 | C23: =SUMPRODUCT(--(MONTH(Records!$A$2:$A$31)=5),--(Records!$F$2:$F$31="ZAMA")) -> 1 | D23: =SUMPRODUCT(--(MONTH(Records!$A$2:$A$31)=6),--(Records!$F$2:$F$31="ZAMA")) -> 2 | E23: =SUM(B23:D23) -> 5
A24: KAHP | B24: =SUMPRODUCT(--(MONTH(Records!$A$2:$A$31)=4),--(Records!$F$2:$F$31="KAHP")) -> 4 | C24: =SUMPRODUCT(--(MONTH(Records!$A$2:$A$31)=5),--(Records!$F$2:$F$31="KAHP")) -> 2 | D24: =SUMPRODUCT(--(MONTH(Records!$A$2:$A$31)=6),--(Records!$F$2:$F$31="KAHP")) -> 4 | E24: =SUM(B24:D24) -> 10
A25: SHA | B25: =SUMPRODUCT(--(MONTH(Records!$A$2:$A$31)=4),--(Records!$F$2:$F$31="SHA")) -> 2 | C25: =SUMPRODUCT(--(MONTH(Records!$A$2:$A$31)=5),--(Records!$F$2:$F$31="SHA")) -> 3 | D25: =SUMPRODUCT(--(MONTH(Records!$A$2:$A$31)=6),--(Records!$F$2:$F$31="SHA")) -> 1 | E25: =SUM(B25:D25) -> 6
A26: SGD | B26: =SUMPRODUCT(--(MONTH(Records!$A$2:$A$31)=4),--(Records!$F$2:$F$31="SGD")) -> 0 | C26: =SUMPRODUCT(--(MONTH(Records!$A$2:$A$31)=5),--(Records!$F$2:$F$31="SGD")) -> 2 | D26: =SUMPRODUCT(--(MONTH(Records!$A$2:$A$31)=6),--(Records!$F$2:$F$31="SGD")) -> 2 | E26: =SUM(B26:D26) -> 4
A27: YND | B27: =SUMPRODUCT(--(MONTH(Records!$A$2:$A$31)=4),--(Records!$F$2:$F$31="YND")) -> 2 | C27: =SUMPRODUCT(--(MONTH(Records!$A$2:$A$31)=5),--(Records!$F$2:$F$31="YND")) -> 2 | D27: =SUMPRODUCT(--(MONTH(Records!$A$2:$A$31)=6),--(Records!$F$2:$F$31="YND")) -> 1 | E27: =SUM(B27:D27) -> 5
